{
  "name": "pbta-bitw",
  "title": "Babes in the Wood Compendia",
  "description": "Moves, Items, and more for Babes in the Wood, using the Powered by the Apocalypse FoundryVTT system.",
  "version": "0.0.0",
  "author": "Luke Phillips",
  "minimumCoreVersion": "0.7.9",
  "compatibleCoreVersion": "0.8.9",
  "download": "https://github.com/lphillips/pbta-bitw/releases/download/0.0.1/pbta-bitw-0.0.2.zip",
  "system": ["pbta"],
  "packs": [
    {
      "name": "basic-moves",
      "label": "Basic Moves",
      "system": "pbta",
      "path": "./packs/basic-moves.db",
      "entity": "Item"
    },
    {
      "name": "playbooks",
      "label": "Playbooks",
      "system": "pbta",
      "path": "./packs/playbooks.db",
      "entity": "Item"
    },
    {
      "name": "special-moves",
      "label": "Special Moves",
      "system": "pbta",
      "path": "./packs/special-moves.db",
      "entity": "Item"
    },
    {
      "name": "fiend-moves",
      "label": "Fiend Moves",
      "system": "pbta",
      "path": "./packs/fiend-moves.db",
      "entity": "Item"
    }
  ]
}
