{
  "name": "pbta-bitw",
  "title": "Babes in the Wood",
  "description": "Moves, Items, and more for Babes in the Wood, using the Powered by the Apocalypse FoundryVTT system",
  "version": "0.0.1",
  "author": "",
  "authors": [
    {
      "name": "Luke Phillips",
      "email": ""
    }
  ],
  "minimumCoreVersion": "0.7.9",
  "compatibleCoreVersion": "0.8.9",
  "scripts": [],
  "esmodules": ["module/pbta-bitw.js"],
  "styles": ["styles/pbta-bitw.css"],
  "packs": [],
  "dependencies": [],
  "languages": [
    {
      "lang": "en",
      "name": "English",
      "path": "lang/en.json"
    }
  ],
  "socket": false,
  "url": "",
  "manifest": "",
  "download": "https://host/path/to/0.0.0.zip",
  "license": "",
  "readme": "",
  "bugs": "",
  "changelog": "",
  "system": [],
  "library": false,
  "packs": [
    {
      "name": "basicmoves",
      "label": "Basic Moves",
      "path": "packs/basic-moves.db",
      "entity": "Move",
      "module": "pbta-bitw"
    }
  ]
}
